version,backend,m,n,threads,status,avg_time_sec,checksum,iterations,grid
openmp_original,openmp,64,64,1,ok,0.000756611,306190.72088,179,64x64
openmp_original,openmp,64,64,2,ok,0.000540931,306190.72088,179,64x64
openmp_original,openmp,64,64,4,ok,0.000846944,306190.72088,179,64x64
openmp_original,openmp,64,64,8,ok,0.001499708,306190.72088,179,64x64
openmp_original,openmp,128,128,1,ok,0.002596292,1226240.11987,181,128x128
openmp_original,openmp,128,128,2,ok,0.001627597,1226240.11987,181,128x128
openmp_original,openmp,128,128,4,ok,0.001280139,1226240.11987,181,128x128
openmp_original,openmp,128,128,8,ok,0.001617167,1226240.11987,181,128x128
openmp_original,openmp,256,256,1,ok,0.011782611,4909462.95452,181,256x256
openmp_original,openmp,256,256,2,ok,0.006825973,4909462.95452,181,256x256
openmp_original,openmp,256,256,4,ok,0.015517458,4909462.95452,181,256x256
openmp_original,openmp,256,256,8,ok,0.006505361,4909462.95452,181,256x256
openmp_original,openmp,512,512,1,ok,0.039066653,19648674.3049,181,512x512
openmp_original,openmp,512,512,2,ok,0.023342903,19648674.3049,181,512x512
openmp_original,openmp,512,512,4,ok,0.029385292,19648674.3049,181,512x512
openmp_original,openmp,512,512,8,ok,0.024034111,19648674.3049,181,512x512
pthreads_parallel_for_block,pthreads_parallel_for,64,64,1,ok,0.022387194,306190.72088,179,64x64
pthreads_parallel_for_block,pthreads_parallel_for,64,64,2,ok,0.03186775,306190.72088,179,64x64
pthreads_parallel_for_block,pthreads_parallel_for,64,64,4,ok,0.041562126,306190.72088,179,64x64
pthreads_parallel_for_block,pthreads_parallel_for,64,64,8,ok,0.073276486,306190.72088,179,64x64
pthreads_parallel_for_block,pthreads_parallel_for,128,128,1,ok,0.026502945,1226240.11987,181,128x128
pthreads_parallel_for_block,pthreads_parallel_for,128,128,2,ok,0.027802736,1226240.11987,181,128x128
pthreads_parallel_for_block,pthreads_parallel_for,128,128,4,ok,0.041363945,1226240.11987,181,128x128
pthreads_parallel_for_block,pthreads_parallel_for,128,128,8,ok,0.0738185,1226240.11987,181,128x128
pthreads_parallel_for_block,pthreads_parallel_for,256,256,1,ok,0.035558347,4909462.95452,181,256x256
pthreads_parallel_for_block,pthreads_parallel_for,256,256,2,ok,0.031690986,4909462.95452,181,256x256
pthreads_parallel_for_block,pthreads_parallel_for,256,256,4,ok,0.053242764,4909462.95452,181,256x256
pthreads_parallel_for_block,pthreads_parallel_for,256,256,8,ok,0.080367667,4909462.95452,181,256x256
pthreads_parallel_for_block,pthreads_parallel_for,512,512,1,ok,0.059471375,19648674.3049,181,512x512
pthreads_parallel_for_block,pthreads_parallel_for,512,512,2,ok,0.049033486,19648674.3049,181,512x512
pthreads_parallel_for_block,pthreads_parallel_for,512,512,4,ok,0.056848056,19648674.3049,181,512x512
pthreads_parallel_for_block,pthreads_parallel_for,512,512,8,ok,0.078016528,19648674.3049,181,512x512
pthreads_parallel_for_cyclic,pthreads_parallel_for,64,64,1,ok,0.021876264,306190.72088,179,64x64
pthreads_parallel_for_cyclic,pthreads_parallel_for,64,64,2,ok,0.023530833,306190.72088,179,64x64
pthreads_parallel_for_cyclic,pthreads_parallel_for,64,64,4,ok,0.04733432,306190.72088,179,64x64
pthreads_parallel_for_cyclic,pthreads_parallel_for,64,64,8,ok,0.066874847,306190.72088,179,64x64
pthreads_parallel_for_cyclic,pthreads_parallel_for,128,128,1,ok,0.032508667,1226240.11987,181,128x128
pthreads_parallel_for_cyclic,pthreads_parallel_for,128,128,2,ok,0.038267833,1226240.11987,181,128x128
pthreads_parallel_for_cyclic,pthreads_parallel_for,128,128,4,ok,0.049451931,1226240.11987,181,128x128
pthreads_parallel_for_cyclic,pthreads_parallel_for,128,128,8,ok,0.079110875,1226240.11987,181,128x128
pthreads_parallel_for_cyclic,pthreads_parallel_for,256,256,1,ok,0.035522889,4909462.95452,181,256x256
pthreads_parallel_for_cyclic,pthreads_parallel_for,256,256,2,ok,0.046568153,4909462.95452,181,256x256
pthreads_parallel_for_cyclic,pthreads_parallel_for,256,256,4,ok,0.055794194,4909462.95452,181,256x256
pthreads_parallel_for_cyclic,pthreads_parallel_for,256,256,8,ok,0.087988278,4909462.95452,181,256x256
pthreads_parallel_for_cyclic,pthreads_parallel_for,512,512,1,ok,0.072840056,19648674.3049,181,512x512
pthreads_parallel_for_cyclic,pthreads_parallel_for,512,512,2,ok,0.060067903,19648674.3049,181,512x512
pthreads_parallel_for_cyclic,pthreads_parallel_for,512,512,4,ok,0.074161236,19648674.3049,181,512x512
pthreads_parallel_for_cyclic,pthreads_parallel_for,512,512,8,ok,0.102142194,19648674.3049,181,512x512
pthreads_parallel_for_dynamic,pthreads_parallel_for,64,64,1,ok,0.0336555,306190.72088,179,64x64
pthreads_parallel_for_dynamic,pthreads_parallel_for,64,64,2,ok,0.032557417,306190.72088,179,64x64
pthreads_parallel_for_dynamic,pthreads_parallel_for,64,64,4,ok,0.048632194,306190.72088,179,64x64
pthreads_parallel_for_dynamic,pthreads_parallel_for,64,64,8,ok,0.087742806,306190.72088,179,64x64
pthreads_parallel_for_dynamic,pthreads_parallel_for,128,128,1,ok,0.030773805,1226240.11987,181,128x128
pthreads_parallel_for_dynamic,pthreads_parallel_for,128,128,2,ok,0.037219319,1226240.11987,181,128x128
pthreads_parallel_for_dynamic,pthreads_parallel_for,128,128,4,ok,0.056447181,1226240.11987,181,128x128
pthreads_parallel_for_dynamic,pthreads_parallel_for,128,128,8,ok,0.082480111,1226240.11987,181,128x128
pthreads_parallel_for_dynamic,pthreads_parallel_for,256,256,1,ok,0.047488875,4909462.95452,181,256x256
pthreads_parallel_for_dynamic,pthreads_parallel_for,256,256,2,ok,0.041953292,4909462.95452,181,256x256
pthreads_parallel_for_dynamic,pthreads_parallel_for,256,256,4,ok,0.05700032,4909462.95452,181,256x256
pthreads_parallel_for_dynamic,pthreads_parallel_for,256,256,8,ok,0.086951917,4909462.95452,181,256x256
pthreads_parallel_for_dynamic,pthreads_parallel_for,512,512,1,ok,0.071141958,19648674.3049,181,512x512
pthreads_parallel_for_dynamic,pthreads_parallel_for,512,512,2,ok,0.067379445,19648674.3049,181,512x512
pthreads_parallel_for_dynamic,pthreads_parallel_for,512,512,4,ok,0.078455695,19648674.3049,181,512x512
pthreads_parallel_for_dynamic,pthreads_parallel_for,512,512,8,ok,0.092015305,19648674.3049,181,512x512
