H,W,stride,kernel,kernel_id,block_x,block_y,avg_kernel_time_ms,num_runs,status,gflops,memory_usage_mb,checksum,correct,im2col_time_ms,gemm_time_ms,H_out,W_out,block_dim,grid_dim,padding
32,32,1,naive_conv,1,8,8,0.009899,3,ok,16.2000,0.02,20132.7285,true,0.000000,0.000000,32,32,8x8,4x4x3,1
32,32,1,naive_conv,1,16,16,0.00992,3,ok,17.8759,0.02,20132.7285,true,0.000000,0.000000,32,32,16x16,2x2x3,1
32,32,1,naive_conv,1,32,32,0.009216,3,ok,18.0000,0.02,20132.7285,true,0.000000,0.000000,32,32,32x32,1x1x3,1
32,32,1,tiled_conv,2,0,0,0.009216,3,ok,18.0000,0.02,20132.7285,true,0.000000,0.000000,32,32,16x16,2x2x3,1
32,32,1,im2col_gemm,3,0,0,0.02224,3,ok,7.7143,0.14,20132.7285,true,0.015360,0.006144,32,32,32x32,32x1x1,1
32,32,1,cudnn,4,0,0,0.037205,3,ok,4.9091,0.02,20132.7285,true,0.000000,0.000000,32,32,0x0,0x0x1,1
32,32,2,naive_conv,1,8,8,0.009557,3,ok,4.0500,0.02,5079.5620,true,0.000000,0.000000,16,16,8x8,2x2x3,1
32,32,2,naive_conv,1,16,16,0.008864,3,ok,4.6286,0.02,5079.5620,true,0.000000,0.000000,16,16,16x16,1x1x3,1
32,32,2,naive_conv,1,32,32,0.008533,3,ok,5.0625,0.02,5079.5620,true,0.000000,0.000000,16,16,32x32,1x1x3,1
32,32,2,tiled_conv,2,0,0,0.011264,3,ok,3.6818,0.02,5079.5620,true,0.000000,0.000000,16,16,16x16,1x1x3,1
32,32,2,im2col_gemm,3,0,0,0.020768,3,ok,2.0409,0.04,5079.5620,true,0.015200,0.005120,16,16,16x16,16x1x1,1
32,32,2,cudnn,4,0,0,0.035488,3,ok,1.2273,0.02,5079.5620,true,0.000000,0.000000,16,16,0x0,0x0x1,1
32,32,3,naive_conv,1,8,8,0.009557,3,ok,2.1270,0.01,2326.7695,true,0.000000,0.000000,11,11,8x8,2x2x3,1
32,32,3,naive_conv,1,16,16,0.009536,3,ok,2.1270,0.01,2326.7695,true,0.000000,0.000000,11,11,16x16,1x1x3,1
32,32,3,naive_conv,1,32,32,0.009152,3,ok,2.1270,0.01,2326.7695,true,0.000000,0.000000,11,11,32x32,1x1x3,1
32,32,3,tiled_conv,2,0,0,0.010923,3,ok,1.9143,0.01,2326.7695,true,0.000000,0.000000,11,11,16x16,1x1x3,1
32,32,3,im2col_gemm,3,0,0,0.019424,3,ok,1.0075,0.03,2326.7695,true,0.015360,0.004096,11,11,16x16,8x1x1,1
32,32,3,cudnn,4,0,0,0.034709,3,ok,0.5839,0.01,2326.7695,true,0.000000,0.000000,11,11,0x0,0x0x1,1
64,64,1,naive_conv,1,8,8,0.009877,3,ok,65.2075,0.10,82062.1016,true,0.000000,0.000000,64,64,8x8,8x8x3,1
64,64,1,naive_conv,1,16,16,0.010581,3,ok,58.9091,0.10,82062.1016,true,0.000000,0.000000,64,64,16x16,4x4x3,1
64,64,1,naive_conv,1,32,32,0.011605,3,ok,54.0000,0.10,82062.1016,true,0.000000,0.000000,64,64,32x32,2x2x3,1
64,64,1,tiled_conv,2,0,0,0.010603,3,ok,64.8000,0.10,82062.1016,true,0.000000,0.000000,64,64,16x16,4x4x3,1
64,64,1,im2col_gemm,3,0,0,0.028939,3,ok,22.3448,0.54,82062.1016,true,0.021504,0.008192,64,64,32x32,128x1x1,1
64,64,1,cudnn,4,0,0,0.041909,3,ok,14.4000,0.10,82062.1016,true,0.000000,0.000000,64,64,0x0,0x0x1,1
64,64,2,naive_conv,1,8,8,0.008875,3,ok,18.0000,0.06,20599.3828,true,0.000000,0.000000,32,32,8x8,4x4x3,1
64,64,2,naive_conv,1,16,16,0.008821,3,ok,20.2500,0.06,20599.3828,true,0.000000,0.000000,32,32,16x16,2x2x3,1
64,64,2,naive_conv,1,32,32,0.009536,3,ok,18.0000,0.06,20599.3828,true,0.000000,0.000000,32,32,32x32,1x1x3,1
64,64,2,tiled_conv,2,0,0,0.011584,3,ok,14.7692,0.06,20599.3828,true,0.000000,0.000000,32,32,16x16,2x2x3,1
64,64,2,im2col_gemm,3,0,0,0.026571,3,ok,6.0000,0.17,20599.3828,true,0.021504,0.006144,32,32,32x32,32x1x1,1
64,64,2,cudnn,4,0,0,0.039595,3,ok,3.8571,0.06,20599.3828,true,0.000000,0.000000,32,32,0x0,0x0x1,1
64,64,3,naive_conv,1,8,8,0.009557,3,ok,8.5078,0.06,9290.8389,true,0.000000,0.000000,22,22,8x8,3x3x3,1
64,64,3,naive_conv,1,16,16,0.009557,3,ok,8.5078,0.06,9290.8389,true,0.000000,0.000000,22,22,16x16,2x2x3,1
64,64,3,naive_conv,1,32,32,0.009547,3,ok,8.5078,0.06,9290.8389,true,0.000000,0.000000,22,22,32x32,1x1x3,1
64,64,3,tiled_conv,2,0,0,0.012565,3,ok,6.3809,0.06,9290.8389,true,0.000000,0.000000,22,22,16x16,2x2x3,1
64,64,3,im2col_gemm,3,0,0,0.023488,3,ok,2.9664,0.11,9290.8389,true,0.021504,0.004928,22,22,16x16,31x1x1,1
64,64,3,cudnn,4,0,0,0.043349,3,ok,1.7402,0.06,9290.8389,true,0.000000,0.000000,22,22,0x0,0x0x1,1
128,128,1,naive_conv,1,8,8,0.011552,3,ok,218.8496,0.39,333780.5938,true,0.000000,0.000000,128,128,8x8,16x16x3,1
128,128,1,naive_conv,1,16,16,0.011595,3,ok,216.5640,0.39,333780.5938,true,0.000000,0.000000,128,128,16x16,8x8x3,1
128,128,1,naive_conv,1,32,32,0.011605,3,ok,216.0000,0.39,333780.5938,true,0.000000,0.000000,128,128,32x32,4x4x3,1
128,128,1,tiled_conv,2,0,0,0.011264,3,ok,234.9688,0.39,333780.5938,true,0.000000,0.000000,128,128,16x16,8x8x3,1
128,128,1,im2col_gemm,3,0,0,0.038933,3,ok,68.2105,2.16,333780.5938,true,0.020480,0.018432,128,128,32x32,512x1x1,1
128,128,1,cudnn,4,0,0,0.037611,3,ok,71.7509,0.39,333780.5938,true,0.000000,0.000000,128,128,0x0,0x0x1,1
128,128,2,naive_conv,1,8,8,0.01024,3,ok,64.8000,0.25,83692.9297,true,0.000000,0.000000,64,64,8x8,8x8x3,1
128,128,2,naive_conv,1,16,16,0.009504,3,ok,72.0000,0.25,83692.9297,true,0.000000,0.000000,64,64,16x16,4x4x3,1
128,128,2,naive_conv,1,32,32,0.01056,3,ok,65.2075,0.25,83692.9297,true,0.000000,0.000000,64,64,32x32,2x2x3,1
128,128,2,tiled_conv,2,0,0,0.012288,3,ok,54.0000,0.25,83692.9297,true,0.000000,0.000000,64,64,16x16,4x4x3,1
128,128,2,im2col_gemm,3,0,0,0.029099,3,ok,24.6857,0.69,83692.9297,true,0.018656,0.008224,64,64,32x32,128x1x1,1
128,128,2,cudnn,4,0,0,0.044341,3,ok,15.8049,0.25,83692.9297,true,0.000000,0.000000,64,64,0x0,0x0x1,1
128,128,3,naive_conv,1,8,8,0.010229,3,ok,26.6683,0.22,37459.2148,true,0.000000,0.000000,43,43,8x8,6x6x3,1
128,128,3,naive_conv,1,16,16,0.009557,3,ok,32.5020,0.22,37459.2148,true,0.000000,0.000000,43,43,16x16,3x3x3,1
128,128,3,naive_conv,1,32,32,0.01024,3,ok,29.2518,0.22,37459.2148,true,0.000000,0.000000,43,43,32x32,2x2x3,1
128,128,3,tiled_conv,2,0,0,0.012629,3,ok,24.3765,0.22,37459.2148,true,0.000000,0.000000,43,43,16x16,3x3x3,1
128,128,3,im2col_gemm,3,0,0,0.022496,3,ok,12.7182,0.42,37459.2148,true,0.017408,0.006144,43,43,32x32,58x1x1,1
128,128,3,cudnn,4,0,0,0.035499,3,ok,7.9059,0.22,37459.2148,true,0.000000,0.000000,43,43,0x0,0x0x1,1
256,256,1,naive_conv,1,8,8,0.021792,3,ok,474.6438,1.57,1343418.8750,true,0.000000,0.000000,256,256,8x8,32x32x3,1
256,256,1,naive_conv,1,16,16,0.018709,3,ok,545.6842,1.57,1343418.8750,true,0.000000,0.000000,256,256,16x16,16x16x3,1
256,256,1,naive_conv,1,32,32,0.021504,3,ok,493.7143,1.57,1343418.8750,true,0.000000,0.000000,256,256,32x32,8x8x3,1
256,256,1,tiled_conv,2,0,0,0.01808,3,ok,576.0000,1.57,1343418.8750,true,0.000000,0.000000,256,256,16x16,16x16x3,1
256,256,1,im2col_gemm,3,0,0,0.094709,3,ok,114.1693,8.65,1343418.8750,true,0.027648,0.065344,256,256,32x32,2048x1x1,1
256,256,1,cudnn,4,0,0,0.051541,3,ok,181.8947,1.57,1343418.8750,true,0.000000,0.000000,256,256,0x0,0x0x1,1
256,256,2,naive_conv,1,8,8,0.010869,3,ok,239.0317,0.98,335949.2188,true,0.000000,0.000000,128,128,8x8,16x16x3,1
256,256,2,naive_conv,1,16,16,0.01024,3,ok,259.2000,0.98,335949.2188,true,0.000000,0.000000,128,128,16x16,8x8x3,1
256,256,2,naive_conv,1,32,32,0.010869,3,ok,235.6364,0.98,335949.2188,true,0.000000,0.000000,128,128,32x32,4x4x3,1
256,256,2,tiled_conv,2,0,0,0.012629,3,ok,216.0000,0.98,335949.2188,true,0.000000,0.000000,128,128,16x16,8x8x3,1
256,256,2,im2col_gemm,3,0,0,0.039509,3,ok,66.4615,2.75,335949.2188,true,0.021504,0.018432,128,128,32x32,512x1x1,1
256,256,2,cudnn,4,0,0,0.05024,3,ok,62.9317,0.98,335949.2188,true,0.000000,0.000000,128,128,0x0,0x0x1,1
256,256,3,naive_conv,1,8,8,0.009867,3,ok,130.0078,0.88,149979.7812,true,0.000000,0.000000,86,86,8x8,11x11x3,1
256,256,3,naive_conv,1,16,16,0.009899,3,ok,130.0078,0.88,149979.7812,true,0.000000,0.000000,86,86,16x16,6x6x3,1
256,256,3,naive_conv,1,32,32,0.011232,3,ok,117.0070,0.88,149979.7812,true,0.000000,0.000000,86,86,32x32,3x3x3,1
256,256,3,tiled_conv,2,0,0,0.014923,3,ok,69.0816,0.88,149979.7812,true,0.000000,0.000000,86,86,16x16,6x6x3,1
256,256,3,im2col_gemm,3,0,0,0.030613,3,ok,36.7441,1.67,149979.7812,true,0.021504,0.011104,86,86,32x32,232x1x1,1
256,256,3,cudnn,4,0,0,0.035467,3,ok,34.5090,0.88,149979.7812,true,0.000000,0.000000,86,86,0x0,0x0x1,1
512,512,1,naive_conv,1,8,8,0.058368,3,ok,727.5789,6.29,5384872.5000,true,0.000000,0.000000,512,512,8x8,64x64x3,1
512,512,1,naive_conv,1,16,16,0.047104,3,ok,901.5652,6.29,5384872.5000,true,0.000000,0.000000,512,512,16x16,32x32x3,1
512,512,1,naive_conv,1,32,32,0.059307,3,ok,717.3535,6.29,5384872.5000,true,0.000000,0.000000,512,512,32x32,16x16x3,1
512,512,1,tiled_conv,2,0,0,0.045739,3,ok,921.6000,6.29,5384872.5000,true,0.000000,0.000000,512,512,16x16,32x32x3,1
512,512,1,im2col_gemm,3,0,0,0.306581,3,ok,138.6154,34.60,5384872.5000,true,0.060416,0.245952,512,512,32x32,8192x1x1,1
512,512,1,cudnn,4,0,0,0.082848,3,ok,545.6842,6.29,5384872.5000,true,0.000000,0.000000,512,512,0x0,0x0x1,1
512,512,2,naive_conv,1,8,8,0.019456,3,ok,545.6842,3.93,1347050.6250,true,0.000000,0.000000,256,256,8x8,32x32x3,1
512,512,2,naive_conv,1,16,16,0.016384,3,ok,648.0000,3.93,1347050.6250,true,0.000000,0.000000,256,256,16x16,16x16x3,1
512,512,2,naive_conv,1,32,32,0.020928,3,ok,518.4000,3.93,1347050.6250,true,0.000000,0.000000,256,256,32x32,8x8x3,1
512,512,2,tiled_conv,2,0,0,0.022123,3,ok,475.3238,3.93,1347050.6250,true,0.000000,0.000000,256,256,16x16,16x16x3,1
512,512,2,im2col_gemm,3,0,0,0.096896,3,ok,110.2979,11.01,1347050.6250,true,0.030720,0.065536,256,256,32x32,2048x1x1,1
512,512,2,cudnn,4,0,0,0.048789,3,ok,230.4000,3.93,1347050.6250,true,0.000000,0.000000,256,256,0x0,0x0x1,1
512,512,3,naive_conv,1,8,8,0.015349,3,ok,308.4012,3.50,599963.0625,true,0.000000,0.000000,171,171,8x8,22x22x3,1
512,512,3,naive_conv,1,16,16,0.012288,3,ok,385.5015,3.50,599963.0625,true,0.000000,0.000000,171,171,16x16,11x11x3,1
512,512,3,naive_conv,1,32,32,0.016725,3,ok,289.1261,3.50,599963.0625,true,0.000000,0.000000,171,171,32x32,6x6x3,1
512,512,3,tiled_conv,2,0,0,0.015979,3,ok,308.4012,3.50,599963.0625,true,0.000000,0.000000,171,171,16x16,11x11x3,1
512,512,3,im2col_gemm,3,0,0,0.049493,3,ok,94.4085,6.65,599963.0625,true,0.022528,0.027648,171,171,32x32,914x1x1,1
512,512,3,cudnn,4,0,0,0.039936,3,ok,112.8297,3.50,599963.0625,true,0.000000,0.000000,171,171,0x0,0x0x1,1
1024,1024,1,naive_conv,1,8,8,0.229376,3,ok,740.5714,25.17,21570146.0000,true,0.000000,0.000000,1024,1024,8x8,128x128x3,1
1024,1024,1,naive_conv,1,16,16,0.174709,3,ok,970.4599,25.17,21570146.0000,true,0.000000,0.000000,1024,1024,16x16,64x64x3,1
1024,1024,1,naive_conv,1,32,32,0.255317,3,ok,666.2169,25.17,21570146.0000,true,0.000000,0.000000,1024,1024,32x32,32x32x3,1
1024,1024,1,tiled_conv,2,0,0,0.169355,3,ok,999.3253,25.17,21570146.0000,true,0.000000,0.000000,1024,1024,16x16,64x64x3,1
1024,1024,1,im2col_gemm,3,0,0,1.143595,3,ok,148.3792,138.41,21570146.0000,true,0.174080,0.970752,1024,1024,32x32,32768x1x1,1
1024,1024,1,cudnn,4,0,0,0.233461,3,ok,740.5714,25.17,21570146.0000,true,0.000000,0.000000,1024,1024,0x0,0x0x1,1
1024,1024,2,naive_conv,1,8,8,0.067584,3,ok,628.3636,15.73,5393426.0000,true,0.000000,0.000000,512,512,8x8,64x64x3,1
1024,1024,2,naive_conv,1,16,16,0.057963,3,ok,729.9802,15.73,5393426.0000,true,0.000000,0.000000,512,512,16x16,32x32x3,1
1024,1024,2,naive_conv,1,32,32,0.068949,3,ok,618.9851,15.73,5393426.0000,true,0.000000,0.000000,512,512,32x32,16x16x3,1
1024,1024,2,tiled_conv,2,0,0,0.076117,3,ok,568.1096,15.73,5393426.0000,true,0.000000,0.000000,512,512,16x16,32x32x3,1
1024,1024,2,im2col_gemm,3,0,0,0.306859,3,ok,138.2400,44.04,5393426.0000,true,0.069632,0.237568,512,512,32x32,8192x1x1,1
1024,1024,2,cudnn,4,0,0,0.094837,3,ok,437.2665,15.73,5393426.0000,true,0.000000,0.000000,512,512,0x0,0x0x1,1
1024,1024,3,naive_conv,1,8,8,0.053899,3,ok,349.7521,13.99,2399979.0000,true,0.000000,0.000000,342,342,8x8,43x43x3,1
1024,1024,3,naive_conv,1,16,16,0.050795,3,ok,377.6341,13.99,2399979.0000,true,0.000000,0.000000,342,342,16x16,22x22x3,1
1024,1024,3,naive_conv,1,32,32,0.055296,3,ok,342.6680,13.99,2399979.0000,true,0.000000,0.000000,342,342,32x32,11x11x3,1
1024,1024,3,tiled_conv,2,0,0,0.060725,3,ok,308.8838,13.99,2399979.0000,true,0.000000,0.000000,342,342,16x16,22x22x3,1
1024,1024,3,im2col_gemm,3,0,0,0.160693,3,ok,117.9307,26.62,2399979.0000,true,0.047104,0.113568,342,342,32x32,3656x1x1,1
1024,1024,3,cudnn,4,0,0,0.082261,3,ok,237.2317,13.99,2399979.0000,true,0.000000,0.000000,342,342,0x0,0x0x1,1
2048,2048,1,naive_conv,1,8,8,0.918592,3,ok,739.7458,100.66,86334464.0000,true,0.000000,0.000000,2048,2048,8x8,256x256x3,1
2048,2048,1,naive_conv,1,16,16,0.689152,3,ok,985.9614,100.66,86334464.0000,true,0.000000,0.000000,2048,2048,16x16,128x128x3,1
2048,2048,1,naive_conv,1,32,32,1.037312,3,ok,655.0365,100.66,86334464.0000,true,0.000000,0.000000,2048,2048,32x32,64x64x3,1
2048,2048,1,tiled_conv,2,0,0,0.674795,3,ok,1008.5335,100.66,86334464.0000,true,0.000000,0.000000,2048,2048,16x16,128x128x3,1
2048,2048,1,im2col_gemm,3,0,0,4.569067,3,ok,148.6160,553.65,86334464.0000,true,0.714720,3.857312,2048,2048,32x32,131072x1x1,1
2048,2048,1,cudnn,4,0,0,0.861525,3,ok,789.0036,100.66,86334464.0000,true,0.000000,0.000000,2048,2048,0x0,0x0x1,1
2048,2048,2,naive_conv,1,8,8,0.246784,3,ok,691.2000,62.91,21584598.0000,true,0.000000,0.000000,1024,1024,8x8,128x128x3,1
2048,2048,2,naive_conv,1,16,16,0.201387,3,ok,842.0711,62.91,21584598.0000,true,0.000000,0.000000,1024,1024,16x16,64x64x3,1
2048,2048,2,naive_conv,1,32,32,0.249931,3,ok,682.0527,62.91,21584598.0000,true,0.000000,0.000000,1024,1024,32x32,32x32x3,1
2048,2048,2,tiled_conv,2,0,0,0.271349,3,ok,626.0663,62.91,21584598.0000,true,0.000000,0.000000,1024,1024,16x16,64x64x3,1
2048,2048,2,im2col_gemm,3,0,0,1.205824,3,ok,140.8217,176.16,21584598.0000,true,0.235520,0.970752,1024,1024,32x32,32768x1x1,1
2048,2048,2,cudnn,4,0,0,0.276085,3,ok,630.7529,62.91,21584598.0000,true,0.000000,0.000000,1024,1024,0x0,0x0x1,1
2048,2048,3,naive_conv,1,8,8,0.188075,3,ok,401.0870,55.93,9599408.0000,true,0.000000,0.000000,683,683,8x8,86x86x3,1
2048,2048,3,naive_conv,1,16,16,0.186027,3,ok,405.4946,55.93,9599408.0000,true,0.000000,0.000000,683,683,16x16,43x43x3,1
2048,2048,3,naive_conv,1,32,32,0.193461,3,ok,390.5408,55.93,9599408.0000,true,0.000000,0.000000,683,683,32x32,22x22x3,1
2048,2048,3,tiled_conv,2,0,0,0.208213,3,ok,363.5469,55.93,9599408.0000,true,0.000000,0.000000,683,683,16x16,43x43x3,1
2048,2048,3,im2col_gemm,3,0,0,0.595584,3,ok,127.0224,106.31,9599408.0000,true,0.158720,0.436224,683,683,32x32,14578x1x1,1
2048,2048,3,cudnn,4,0,0,0.219445,3,ok,343.2559,55.93,9599408.0000,true,0.000000,0.000000,683,683,0x0,0x0x1,1
4096,4096,1,naive_conv,1,8,8,4.047157,3,ok,671.6114,402.65,345503424.0000,true,0.000000,0.000000,4096,4096,8x8,512x512x3,1
4096,4096,1,naive_conv,1,16,16,2.746027,3,ok,989.2688,402.65,345503424.0000,true,0.000000,0.000000,4096,4096,16x16,256x256x3,1
4096,4096,1,naive_conv,1,32,32,4.135936,3,ok,657.3076,402.65,345503424.0000,true,0.000000,0.000000,4096,4096,32x32,128x128x3,1
4096,4096,1,tiled_conv,2,0,0,2.688309,3,ok,1008.8210,402.65,345503424.0000,true,0.000000,0.000000,4096,4096,16x16,256x256x3,1
4096,4096,1,im2col_gemm,3,0,0,16.69727,3,ok,169.5546,2214.59,345503424.0000,true,2.604032,13.425664,4096,4096,32x32,524288x1x1,1
4096,4096,1,cudnn,4,0,0,3.435925,3,ok,789.4729,402.65,345503424.0000,true,0.000000,0.000000,4096,4096,0x0,0x0x1,1
4096,4096,2,naive_conv,1,8,8,0.959136,3,ok,708.1665,251.66,86379760.0000,true,0.000000,0.000000,2048,2048,8x8,256x256x3,1
4096,4096,2,naive_conv,1,16,16,0.780288,3,ok,870.8032,251.66,86379760.0000,true,0.000000,0.000000,2048,2048,16x16,128x128x3,1
4096,4096,2,naive_conv,1,32,32,0.98304,3,ok,691.9207,251.66,86379760.0000,true,0.000000,0.000000,2048,2048,32x32,64x64x3,1
4096,4096,2,tiled_conv,2,0,0,1.11984,3,ok,607.0924,251.66,86379760.0000,true,0.000000,0.000000,2048,2048,16x16,128x128x3,1
4096,4096,2,im2col_gemm,3,0,0,4.829845,3,ok,141.1512,704.64,86379760.0000,true,0.956416,3.857408,2048,2048,32x32,131072x1x1,1
4096,4096,2,cudnn,4,0,0,0.957781,3,ok,710.4411,251.66,86379760.0000,true,0.000000,0.000000,2048,2048,0x0,0x0x1,1
4096,4096,3,naive_conv,1,8,8,0.732085,3,ok,412.9394,223.72,38401924.0000,true,0.000000,0.000000,1366,1366,8x8,171x171x3,1
4096,4096,3,naive_conv,1,16,16,0.728053,3,ok,415.1900,223.72,38401924.0000,true,0.000000,0.000000,1366,1366,16x16,86x86x3,1
4096,4096,3,naive_conv,1,32,32,0.735541,3,ok,410.5703,223.72,38401924.0000,true,0.000000,0.000000,1366,1366,32x32,43x43x3,1
4096,4096,3,tiled_conv,2,0,0,0.809952,3,ok,373.1986,223.72,38401924.0000,true,0.000000,0.000000,1366,1366,16x16,86x86x3,1
4096,4096,3,im2col_gemm,3,0,0,2.327189,3,ok,129.6443,425.24,38401924.0000,true,0.605184,1.726464,1366,1366,32x32,58312x1x1,1
4096,4096,3,cudnn,4,0,0,0.76112,3,ok,396.7743,223.72,38401924.0000,true,0.000000,0.000000,1366,1366,0x0,0x0x1,1
